<grammar version="1.0" xml:lang="fr-FR" mode="voice" root="ruleTime" xmlns="http://www.w3.org/2001/06/grammar" tag-format="semantics/1.0">
  <rule id="ruleTime" scope="public">
    <example>Sarah il est quelle heure ?</example>
    <tag>out.action=new Object(); </tag>
    <item>Sarah</item>
    <one-of>
      <item>il est quelle heure</item>
      <item>quelle heure est il</item>
      <item>peux tu me donner l'heure</item>
      <item>tu peux me donner l'heure</item>
    </one-of>
    <tag>out.action._attributes.uri="http://127.0.0.1:8080/sarah/time";</tag>
  </rule>
</grammar>
